Qty,References,Value,Footprint,Notes
1,C1,470uF 25V,CP_Radial_D10.0mm_P5.00mm,
1,C2,47uF 10V,CP_Radial_D6.3mm_P2.50mm,
8,C3 C4 C5 C6 C7 C8 C9 C10,100nF,C_Disc_D5.0mm_W2.5mm_P5.00mm,
1,D1,SB560,D_DO-201AD_P15.24mm_Horizontal,Reverse-polarity protection
1,D2,P6KE15CA,D_DO-15_P10.16mm_Horizontal,
2,D3 D4,1N4148,D_DO-35_SOD27_P7.62mm_Horizontal,
3,D5 D6 D7,1N5822,D_DO-201AD_P15.24mm_Horizontal,
1,D9,PWR green,LED_D3.0mm,
1,F1,5A slow-blow 5x20,Fuseholder_Cylinder-5x20mm_Schurter_0031_8201_Horizontal_Open,
1,J1,PWR_IN_12V,"TerminalBlock_Phoenix_MKDS-1,5-2-5.08_1x02_P5.08mm_Horizontal",
1,J2,ACTUATOR,"TerminalBlock_Phoenix_MKDS-1,5-2-5.08_1x02_P5.08mm_Horizontal",
1,J3,DOOR_SW,"TerminalBlock_Phoenix_MKDS-1,5-3-5.08_1x03_P5.08mm_Horizontal",
1,J4,VALVE,"TerminalBlock_Phoenix_MKDS-1,5-2-5.08_1x02_P5.08mm_Horizontal",
1,J5,FEEDER,"TerminalBlock_Phoenix_MKDS-1,5-2-5.08_1x02_P5.08mm_Horizontal",
1,J6,SSR_OUT,"TerminalBlock_Phoenix_MKDS-1,5-4-5.08_1x04_P5.08mm_Horizontal",
1,J7,WATER_LVL,"TerminalBlock_Phoenix_MKDS-1,5-3-5.08_1x03_P5.08mm_Horizontal",
1,J8,ONEWIRE,"TerminalBlock_Phoenix_MKDS-1,5-3-5.08_1x03_P5.08mm_Horizontal",
1,J9,I2C,"TerminalBlock_Phoenix_MKDS-1,5-4-5.08_1x04_P5.08mm_Horizontal",
1,J10,PIR,"TerminalBlock_Phoenix_MKDS-1,5-3-5.08_1x03_P5.08mm_Horizontal",
1,J11,ULTRASONIC,"TerminalBlock_Phoenix_MKDS-1,5-4-5.08_1x04_P5.08mm_Horizontal",
1,J12,PANEL,"TerminalBlock_Phoenix_MKDS-1,5-4-5.08_1x04_P5.08mm_Horizontal",
1,J13,EXPANSION,PinHeader_1x06_P2.54mm_Vertical,
1,J14,FAN,"TerminalBlock_Phoenix_MKDS-1,5-2-5.08_1x02_P5.08mm_Horizontal",
1,J20,ESP32_DEVKITC_LEFT,PinSocket_1x19_P2.54mm_Vertical,
1,J21,ESP32_DEVKITC_RIGHT_25.4mm,PinSocket_1x19_P2.54mm_Vertical,Fit for official Espressif DevKitC (25.4 mm rows)
1,J22,ESP32_DEVKITC_RIGHT_22.86mm,PinSocket_1x19_P2.54mm_Vertical,Fit instead of J21 for 22.86 mm clone boards
2,K1 K2,SRD-12VDC-SL-C,Relay_SPDT_SANYOU_SRD_Series_Form_C,
4,Q1 Q2 Q5 Q6,2N7000,TO-92_Inline_Wide,
3,Q3 Q4 Q7,IRLZ44N,TO-220-3_Vertical,Logic-level N-FET; IRLB8721 is a drop-in alternative
7,R1 R3 R5 R7 R9 R11 R13,100R,R_Axial_DIN0207_L6.3mm_D2.5mm_P10.16mm_Horizontal,
8,R2 R4 R6 R8 R10 R12 R14 R31,100k,R_Axial_DIN0207_L6.3mm_D2.5mm_P10.16mm_Horizontal,
6,R15 R16 R17 R18 R19 R20,10k,R_Axial_DIN0207_L6.3mm_D2.5mm_P10.16mm_Horizontal,
3,R21 R22 R23,4.7k,R_Axial_DIN0207_L6.3mm_D2.5mm_P10.16mm_Horizontal,
2,R24 R30,1k,R_Axial_DIN0207_L6.3mm_D2.5mm_P10.16mm_Horizontal,
1,R25,2k,R_Axial_DIN0207_L6.3mm_D2.5mm_P10.16mm_Horizontal,
1,R26,330R,R_Axial_DIN0207_L6.3mm_D2.5mm_P10.16mm_Horizontal,
1,R32,22k,R_Axial_DIN0207_L6.3mm_D2.5mm_P10.16mm_Horizontal,
1,U1,R-78E5.0-1.0,Converter_DCDC_RECOM_R-78E-0.5_THT,"Any 7805-pinout 5 V switching regulator >= 1 A (R-78E5.0-1.0, TSR 1-2450)"
